{
	"interactive": {
		"test1": {
			"audit_type": "athena",
			"election": "montgomery_primary_2020",
			"contest": "d_president",
			"alpha": 0.1,
			"quants": [0.7,0.8,0.9],
			"next_round_size": {
				"max_new_ballots_drawn": 100,
				"expected": {
					"round_1": {
						"sizes_max": {
							"largest_round_scaled": [21,25,35],
							"relevant_round_sizes": [10,12,17],
							"cumulative_relevant_round_sizes": [10,12,17],
							"round_kmins": [8,9,12],
							"round_candidates": [
								"Sanders",
								"Sanders",
								"Sanders"
							],
							"probs": [0.786288213,0.8831905065,0.9545712625]
						},
						"sizes_min": {
							"largest_round_scaled": [21,25,29],
							"relevant_round_sizes": [10,12,14],
							"cumulative_relevant_round_sizes": [10,12,14],
							"round_kmins": [8,9,10],
							"round_candidates": [
								"Sanders",
								"Sanders",
								"Sanders"
							],
							"probs": [0.786288213,0.8831905065,0.9368447429]
						}
					}
				}
			},
			"evaluate_risk": {
				"round_schedule": 19,
				"audit_observations_by_round": [0,11,1,0,0,0,0,6,1,0,0],
				"audit_observations_by_candidate": {
					"Bennet": 0,
					"Biden": 11,
					"Bloomberg": 1,
					"Buttigieg": 0,
					"Gabbard": 0,
					"Klobuchar": 0,
					"Patrick": 0,
					"Sanders": 6,
					"Steyer": 1,
					"Warren": 0,
					"Write_Ins": 0
				},
				"expected": {
					"Bennet": {
						"kmin": 10,
						"pvalue": 0.0004977174475,
						"delta": 0.0004977174475,
						"StopSched": 0.01879442434,
						"RiskSched": 0.00537109375,
						"passed": true
					},
					"Bloomberg": {
						"kmin": 10,
						"pvalue": 0.00327731817,
						"delta": 0.01342532355,
						"StopSched": 0.02909354762,
						"RiskSched": 0.01611328125,
						"passed": true
					},
					"Buttigieg": {
						"kmin": 10,
						"pvalue": 0.0005947360292,
						"delta": 0.0005947360292,
						"StopSched": 0.1633839332,
						"RiskSched": 0.00537109375,
						"passed": true
					},
					"Gabbard": {
						"kmin": 10,
						"pvalue": 0.0005136801942,
						"delta": 0.0005136801942,
						"StopSched": 0.04831326017,
						"RiskSched": 0.00537109375,
						"passed": true
					},
					"Klobuchar": {
						"kmin": 10,
						"pvalue": 0.0005694306829,
						"delta": 0.0005694306829,
						"StopSched": 0.1327608837,
						"RiskSched": 0.00537109375,
						"passed": true
					},
					"Patrick": {
						"kmin": 10,
						"pvalue": 0.0004926900411,
						"delta": 0.0004926900411,
						"StopSched": 0.008911890989,
						"RiskSched": 0.00537109375,
						"passed": true
					},
					"Sanders": {
						"kmin": 12,
						"pvalue": 0.1683235777,
						"delta": 2.902308942,
						"StopSched": 0,
						"RiskSched": 0,
						"passed": false
					},
					"Steyer": {
						"kmin": 11,
						"pvalue": 0.003174673185,
						"delta": 0.1234695095,
						"StopSched": 0,
						"RiskSched": 0,
						"passed": true
					},
					"Warren": {
						"kmin": 9,
						"pvalue": 0.0007372885835,
						"delta": 0.0007372885835,
						"StopSched": 0.3311656537,
						"RiskSched": 0.0322265625,
						"passed": true
					},
					"Write_Ins": {
						"kmin": 10,
						"pvalue": 0.0005065290577,
						"delta": 0.0005065290577,
						"StopSched": 0.03542740178,
						"RiskSched": 0.00537109375,
						"passed": true
					}
				}
			},
			"expected": {
				"round_1": {
					"passed": false,
					"pvalue_max": 0.1683235777,
					"pvalue_final": 0.1683235777,
					"dvalue_max": 2.902308942,
					"dvalue_final": 2.902308942,
					"passers": [
						[
							"Bennet"
						],
						[
							"Bloomberg"
						],
						[
							"Buttigieg"
						],
						[
							"Gabbard"
						],
						[
							"Klobuchar"
						],
						[
							"Patrick"
						],
						[
							"Steyer"
						],
						[
							"Warren"
						],
						[
							"Write_Ins"
						]
					]
				}
			}
		}
	}
}
