{
	"data_check":{
		"Alabama":{
			"margin":0.2874828719,
			"round_sizes":[90,225],
			"round_sizes_factor":2.5,
			"kmins":[52,129],
			"stop_prob":[0.9204297021,0.9056339076],
			"cumulative_stop_prob":[0.9204297021,0.9924912619]
		},
		"Alaska":{
			"margin":0.1677130942,
			"round_sizes":[259,659],
			"round_sizes_factor":2.544401544,
			"kmins":[141,357],
			"stop_prob":[0.9112847412,0.9077669274],
			"cumulative_stop_prob":[0.9112847412,0.9918175191]
		},
		"Arizona":{
			"margin":0.03780046802
		},
		"Arkansas":{
			"margin":0.2857027538,
			"round_sizes":[90,225],
			"round_sizes_factor":2.5,
			"kmins":[52,129],
			"stop_prob":[0.9177453128,0.9016690562],
			"cumulative_stop_prob":[0.9177453128,0.991911819]
		},
		"California":{
			"margin":0.3225644109,
			"round_sizes":[73,180],
			"round_sizes_factor":2.465753425,
			"kmins":[43,105],
			"stop_prob":[0.9216821643,0.9051965892],
			"cumulative_stop_prob":[0.9216821643,0.9925752021]
		},
		"Colorado":{
			"margin":0.05366666745
		},
		"Connecticut":{
			"margin":0.1428309503,
			"round_sizes":[357,904],
			"round_sizes_factor":2.532212885,
			"kmins":[192,484],
			"stop_prob":[0.9089988697,0.9070157157],
			"cumulative_stop_prob":[0.9089988697,0.991538325]
		},
		"Delaware":{
			"margin":0.1199724289,
			"round_sizes":[495,1256],
			"round_sizes_factor":2.537373737,
			"kmins":[263,665],
			"stop_prob":[0.9081119671,0.9052314452],
			"cumulative_stop_prob":[0.9081119671,0.9912919039]
		},
		"DistrictOfColumbia":{
			"margin":0.9139037668,
			"round_sizes":[7,17],
			"round_sizes_factor":2.428571429,
			"kmins":[6,14],
			"stop_prob":[0.9663198602,0.9105923201],
			"cumulative_stop_prob":[0.9663198602,0.9969887368]
		},
		"Florida":{
			"margin":0.01237670946
		},
		"Georgia":{
			"margin":0.05322345199
		},
		"Hawaii":{
			"margin":0.348826749,
			"round_sizes":[62,154],
			"round_sizes_factor":2.483870968,
			"kmins":[37,91],
			"stop_prob":[0.9231216113,0.9052605428],
			"cumulative_stop_prob":[0.9231216113,0.9927165832]
		},
		"Idaho":{
			"margin":0.3662035336,
			"round_sizes":[55,143],
			"round_sizes_factor":2.6,
			"kmins":[33,85],
			"stop_prob":[0.9268961539,0.9181105141],
			"cumulative_stop_prob":[0.9268961539,0.9940135636]
		},
		"Illinois":{
			"margin":0.1804010278,
			"round_sizes":[228,567],
			"round_sizes_factor":2.486842105,
			"kmins":[125,309],
			"stop_prob":[0.911902488,0.9055296816],
			"cumulative_stop_prob":[0.911902488,0.9916774]
		},
		"Indiana":{
			"margin":0.2023461905,
			"round_sizes":[177,445],
			"round_sizes_factor":2.514124294,
			"kmins":[98,245],
			"stop_prob":[0.9136416608,0.9038380577],
			"cumulative_stop_prob":[0.9136416608,0.9916956144]
		},
		"Iowa":{
			"margin":0.1012709569,
			"round_sizes":[699,1770],
			"round_sizes_factor":2.532188841,
			"kmins":[368,929],
			"stop_prob":[0.9068793293,0.9052924227],
			"cumulative_stop_prob":[0.9068793293,0.9911807669]
		},
		"Kansas":{
			"margin":0.2222294069,
			"round_sizes":[150,376],
			"round_sizes_factor":2.506666667,
			"kmins":[84,209],
			"stop_prob":[0.9136081749,0.9076393269],
			"cumulative_stop_prob":[0.9136081749,0.9920207929]
		},
		"Kentucky":{
			"margin":0.3134125804,
			"round_sizes":[75,193],
			"round_sizes_factor":2.573333333,
			"kmins":[44,112],
			"stop_prob":[0.9175949148,0.9151627026],
			"cumulative_stop_prob":[0.9175949148,0.9930089753]
		},
		"Louisiana":{
			"margin":0.2034335448,
			"round_sizes":[175,445],
			"round_sizes_factor":2.542857143,
			"kmins":[97,245],
			"stop_prob":[0.9123132745,0.9100846783],
			"cumulative_stop_prob":[0.9123132745,0.9921156199]
		},
		"Maine":{
			"margin":0.03193582258
		},
		"Maryland":{
			"margin":0.2803249937,
			"round_sizes":[92,238],
			"round_sizes_factor":2.586956522,
			"kmins":[53,136],
			"stop_prob":[0.9164049772,0.9110161678],
			"cumulative_stop_prob":[0.9164049772,0.9925613945]
		},
		"Massachusetts":{
			"margin":0.2930255738,
			"round_sizes":[86,216],
			"round_sizes_factor":2.511627907,
			"kmins":[50,124],
			"stop_prob":[0.9143143633,0.9141183281],
			"cumulative_stop_prob":[0.9143143633,0.9926411743]
		},
		"Michigan":{
			"margin":0.002353364339
		},
		"Minnesota":{
			"margin":0.01663713867
		},
		"Mississippi":{
			"margin":0.1817969465,
			"round_sizes":[219,563],
			"round_sizes_factor":2.570776256,
			"kmins":[120,307],
			"stop_prob":[0.9128502393,0.9091608453],
			"cumulative_stop_prob":[0.9128502393,0.9920833894]
		},
		"Missouri":{
			"margin":0.1963712199,
			"round_sizes":[190,477],
			"round_sizes_factor":2.510526316,
			"kmins":[105,262],
			"stop_prob":[0.9117009571,0.9045742404],
			"cumulative_stop_prob":[0.9117009571,0.9915739968]
		},
		"Montana":{
			"margin":0.2221932863,
			"round_sizes":[150,376],
			"round_sizes_factor":2.506666667,
			"kmins":[84,209],
			"stop_prob":[0.9135360345,0.90754055],
			"cumulative_stop_prob":[0.9135360345,0.9920055893]
		},
		"Nebraska":{
			"margin":0.2709534823,
			"round_sizes":[101,248],
			"round_sizes_factor":2.455445545,
			"kmins":[58,141],
			"stop_prob":[0.9153694668,0.9046683608],
			"cumulative_stop_prob":[0.9153694668,0.9919320325]
		},
		"Nevada":{
			"margin":0.0258741884
		},
		"NewHampshire":{
			"margin":0.003940568848
		},
		"NewJersey":{
			"margin":0.1456838029,
			"round_sizes":[338,847],
			"round_sizes_factor":2.50591716,
			"kmins":[182,454],
			"stop_prob":[0.9084007411,0.9026105826],
			"cumulative_stop_prob":[0.9084007411,0.9910792015]
		},
		"NewMexico":{
			"margin":0.09301589869
		},
		"NewYork":{
			"margin":0.2354488237,
			"round_sizes":[133,338],
			"round_sizes_factor":2.541353383,
			"kmins":[75,189],
			"stop_prob":[0.9132793286,0.9121895088],
			"cumulative_stop_prob":[0.9132793286,0.9923850152]
		},
		"NorthCarolina":{
			"margin":0.03807491607
		},
		"NorthDakota":{
			"margin":0.3961848579,
			"round_sizes":[49,119],
			"round_sizes_factor":2.428571429,
			"kmins":[30,72],
			"stop_prob":[0.9258906746,0.9019580829],
			"cumulative_stop_prob":[0.9258906746,0.9927341797]
		},
		"Ohio":{
			"margin":0.08535369154
		},
		"Oklahoma":{
			"margin":0.3860947448,
			"round_sizes":[51,130],
			"round_sizes_factor":2.549019608,
			"kmins":[31,78],
			"stop_prob":[0.9268752275,0.9205723076],
			"cumulative_stop_prob":[0.9268752275,0.9941918681]
		},
		"Oregon":{
			"margin":0.1231167789,
			"round_sizes":[477,1184],
			"round_sizes_factor":2.482180294,
			"kmins":[254,628],
			"stop_prob":[0.907272423,0.9005545093],
			"cumulative_stop_prob":[0.907272423,0.9907786606]
		},
		"Pennsylvania":{
			"margin":0.00751071615
		},
		"RhodeIsland":{
			"margin":0.1662140819,
			"round_sizes":[261,656],
			"round_sizes_factor":2.513409962,
			"kmins":[142,355],
			"stop_prob":[0.9098409696,0.90498581],
			"cumulative_stop_prob":[0.9098409696,0.9914336128]
		},
		"SouthCarolina":{
			"margin":0.1492051272,
			"round_sizes":[328,819],
			"round_sizes_factor":2.49695122,
			"kmins":[177,440],
			"stop_prob":[0.9090453927,0.9011509491],
			"cumulative_stop_prob":[0.9090453927,0.9910092234]
		},
		"SouthDakota":{
			"margin":0.3194371616,
			"round_sizes":[73,182],
			"round_sizes_factor":2.493150685,
			"kmins":[43,106],
			"stop_prob":[0.917387077,0.9071555657],
			"cumulative_stop_prob":[0.917387077,0.9923298499]
		},
		"Tennessee":{
			"margin":0.2724868609,
			"round_sizes":[101,246],
			"round_sizes_factor":2.435643564,
			"kmins":[58,140],
			"stop_prob":[0.9178594894,0.902231934],
			"cumulative_stop_prob":[0.9178594894,0.9919692811]
		},
		"Texas":{
			"margin":0.09426451156
		},
		"Utah":{
			"margin":0.2476731642,
			"round_sizes":[120,306],
			"round_sizes_factor":2.55,
			"kmins":[68,172],
			"stop_prob":[0.9163577845,0.9134445395],
			"cumulative_stop_prob":[0.9163577845,0.9927603095]
		},
		"Vermont":{
			"margin":0.3037285265,
			"round_sizes":[79,206],
			"round_sizes_factor":2.607594937,
			"kmins":[46,119],
			"stop_prob":[0.9202107972,0.914195881],
			"cumulative_stop_prob":[0.9202107972,0.9931537577]
		},