{
	"estimate":{
		"Michigan":{
			"margin":0.002353364339,
			"n_est":1241617
		},
		"NewHampshire":{
			"margin":0.003940568848,
			"n_est":442839
		},
		"Pennsylvania":{
			"margin":0.00751071615,
			"n_est":121897
		},
		"Wisconsin":{
			"margin":0.008159780761,
			"n_est":103276
		}
	}
}
