{
	"second_round":{
		"Alabama":{
			"margin":0.2874828719,
			"round_sizes_Minerva_EoR":[54,94],
			"second_round_sizes_factor":1.740740741,
			"stop_prob_Minerva":0.7422468565,
			"stop_prob_EoR":0.7435534106
		},
		"Alaska":{
			"margin":0.1677130942,
			"round_sizes_Minerva_EoR":[158,264],
			"second_round_sizes_factor":1.670886076,
			"stop_prob_Minerva":0.7283399643,
			"stop_prob_EoR":0.7194873392
		},
		"Arizona":{
			"margin":0.03780046802,
			"round_sizes_Minerva_EoR":[2858,5234],
			"second_round_sizes_factor":1.831350595,
			"stop_prob_Minerva":0.7066531521,
			"stop_prob_EoR":0.704528254
		},
		"Arkansas":{
			"margin":0.2857027538,
			"round_sizes_Minerva_EoR":[54,94],
			"second_round_sizes_factor":1.740740741,
			"stop_prob_Minerva":0.7377611373,
			"stop_prob_EoR":0.7376647622
		},
		"California":{
			"margin":0.3225644109,
			"round_sizes_Minerva_EoR":[45,69],
			"second_round_sizes_factor":1.533333333,
			"stop_prob_Minerva":0.7639380948,
			"stop_prob_EoR":0.7090731988
		},
		"Colorado":{
			"margin":0.05366666745,
			"round_sizes_Minerva_EoR":[1425,2624],
			"second_round_sizes_factor":1.841403509,
			"stop_prob_Minerva":0.7066041271,
			"stop_prob_EoR":0.7068268411
		},
		"Connecticut":{
			"margin":0.1428309503,
			"round_sizes_Minerva_EoR":[213,371],
			"second_round_sizes_factor":1.741784038,
			"stop_prob_Minerva":0.7207739486,
			"stop_prob_EoR":0.7183952505
		},
		"Delaware":{
			"margin":0.1199724289,
			"round_sizes_Minerva_EoR":[288,508],
			"second_round_sizes_factor":1.763888889,
			"stop_prob_Minerva":0.7151377724,
			"stop_prob_EoR":0.7037061864
		},
		"DistrictOfColumbia":{
			"margin":0.9139037668,
			"round_sizes_Minerva_EoR":[4,4],
			"second_round_sizes_factor":1,
			"stop_prob_Minerva":0.838610713,
			"stop_prob_EoR":0.838610713
		},
		"Florida":{
			"margin":0.01237670946,
			"round_sizes_Minerva_EoR":[26250,48750],
			"second_round_sizes_factor":1.857142857,
			"stop_prob_Minerva":0.7020042815,
			"stop_prob_EoR":0.7009313327
		},
		"Georgia":{
			"margin":0.05322345199,
			"round_sizes_Minerva_EoR":[1445,2617],
			"second_round_sizes_factor":1.811072664,
			"stop_prob_Minerva":0.7092179175,
			"stop_prob_EoR":0.7034573244
		},
		"Hawaii":{
			"margin":0.348826749,
			"round_sizes_Minerva_EoR":[38,59],
			"second_round_sizes_factor":1.552631579,
			"stop_prob_Minerva":0.7719641402,
			"stop_prob_EoR":0.7407072219
		},
		"Idaho":{
			"margin":0.3662035336,
			"round_sizes_Minerva_EoR":[32,60],
			"second_round_sizes_factor":1.875,
			"stop_prob_Minerva":0.7028699444,
			"stop_prob_EoR":0.7575211106
		},
		"Illinois":{
			"margin":0.1804010278,
			"round_sizes_Minerva_EoR":[132,230],
			"second_round_sizes_factor":1.742424242,
			"stop_prob_Minerva":0.7277558464,
			"stop_prob_EoR":0.7163026659
		},
		"Indiana":{
			"margin":0.2023461905,
			"round_sizes_Minerva_EoR":[104,187],
			"second_round_sizes_factor":1.798076923,
			"stop_prob_Minerva":0.728796429,
			"stop_prob_EoR":0.7218955478
		},
		"Iowa":{
			"margin":0.1012709569,
			"round_sizes_Minerva_EoR":[411,743],
			"second_round_sizes_factor":1.807785888,
			"stop_prob_Minerva":0.7181291092,
			"stop_prob_EoR":0.7132685301
		},
		"Kansas":{
			"margin":0.2222294069,
			"round_sizes_Minerva_EoR":[89,147],
			"second_round_sizes_factor":1.651685393,
			"stop_prob_Minerva":0.7365587267,
			"stop_prob_EoR":0.7150221824
		},
		"Kentucky":{
			"margin":0.3134125804,
			"round_sizes_Minerva_EoR":[45,76],
			"second_round_sizes_factor":1.688888889,
			"stop_prob_Minerva":0.7431917167,
			"stop_prob_EoR":0.7224467233
		},
		"Louisiana":{
			"margin":0.2034335448,
			"round_sizes_Minerva_EoR":[104,176],
			"second_round_sizes_factor":1.692307692,
			"stop_prob_Minerva":0.7325596127,
			"stop_prob_EoR":0.7010643356
		},
		"Maine":{
			"margin":0.03193582258,
			"round_sizes_Minerva_EoR":[3964,7352],
			"second_round_sizes_factor":1.85469223,
			"stop_prob_Minerva":0.7033130404,
			"stop_prob_EoR":0.7034727827
		},
		"Maryland":{
			"margin":0.2803249937,
			"round_sizes_Minerva_EoR":[54,96],
			"second_round_sizes_factor":1.777777778,
			"stop_prob_Minerva":0.7239924847,
			"stop_prob_EoR":0.7370349311
		},
		"Massachusetts":{
			"margin":0.2930255738,
			"round_sizes_Minerva_EoR":[54,85],
			"second_round_sizes_factor":1.574074074,
			"stop_prob_Minerva":0.7559762519,
			"stop_prob_EoR":0.7136244353
		},
		"Minnesota":{
			"margin":0.01663713867,
			"round_sizes_Minerva_EoR":[14531,27050],
			"second_round_sizes_factor":1.861537403,
			"stop_prob_Minerva":0.7015936108,
			"stop_prob_EoR":0.7016951876
		},
		"Mississippi":{
			"margin":0.1817969465,
			"round_sizes_Minerva_EoR":[132,230],
			"second_round_sizes_factor":1.742424242,
			"stop_prob_Minerva":0.7331698446,
			"stop_prob_EoR":0.7235735633
		},
		"Missouri":{
			"margin":0.1963712199,
			"round_sizes_Minerva_EoR":[113,186],
			"second_round_sizes_factor":1.646017699,
			"stop_prob_Minerva":0.7249679655,
			"stop_prob_EoR":0.7142692054
		},
		"Montana":{
			"margin":0.2221932863,
			"round_sizes_Minerva_EoR":[89,147],
			"second_round_sizes_factor":1.651685393,
			"stop_prob_Minerva":0.7364437163,
			"stop_prob_EoR":0.7148688968
		},
		"Nebraska":{
			"margin":0.2709534823,
			"round_sizes_Minerva_EoR":[56,98],
			"second_round_sizes_factor":1.75,
			"stop_prob_Minerva":0.7214635163,
			"stop_prob_EoR":0.7219844479
		},
		"Nevada":{
			"margin":0.0258741884,
			"round_sizes_Minerva_EoR":[6054,11230],
			"second_round_sizes_factor":1.854971919,
			"stop_prob_Minerva":0.7038307594,
			"stop_prob_EoR":0.7000659108
		},
		"NewJersey":{
			"margin":0.1456838029,
			"round_sizes_Minerva_EoR":[196,352],
			"second_round_sizes_factor":1.795918367,
			"stop_prob_Minerva":0.7080501591,
			"stop_prob_EoR":0.7107568638
		},
		"NewMexico":{
			"margin":0.09301589869,
			"round_sizes_Minerva_EoR":[469,859],
			"second_round_sizes_factor":1.831556503,
			"stop_prob_Minerva":0.7054213787,
			"stop_prob_EoR":0.7073281365
		},
		"NewYork":{
			"margin":0.2354488237,
			"round_sizes_Minerva_EoR":[74,127],
			"second_round_sizes_factor":1.716216216,
			"stop_prob_Minerva":0.7038233313,
			"stop_prob_EoR":0.7066820309
		},
		"NorthCarolina":{
			"margin":0.03807491607,
			"round_sizes_Minerva_EoR":[2803,5165],
			"second_round_sizes_factor":1.842668569,
			"stop_prob_Minerva":0.7064672251,
			"stop_prob_EoR":0.7048489357
		},
		"NorthDakota":{
			"margin":0.3961848579,
			"round_sizes_Minerva_EoR":[27,45],
			"second_round_sizes_factor":1.666666667,
			"stop_prob_Minerva":0.7201441444,
			"stop_prob_EoR":0.7370232285
		},
		"Ohio":{
			"margin":0.08535369154,
			"round_sizes_Minerva_EoR":[566,1015],
			"second_round_sizes_factor":1.793286219,
			"stop_prob_Minerva":0.7130387273,
			"stop_prob_EoR":0.7000844525
		},
		"Oklahoma":{
			"margin":0.3860947448,
			"round_sizes_Minerva_EoR":[27,50],
			"second_round_sizes_factor":1.851851852,
			"stop_prob_Minerva":0.7001846269,
			"stop_prob_EoR":0.7487794586
		},
		"Oregon":{
			"margin":0.1231167789,
			"round_sizes_Minerva_EoR":[274,498],
			"second_round_sizes_factor":1.817518248,
			"stop_prob_Minerva":0.7031090684,
			"stop_prob_EoR":0.7112935471
		},
		"Pennsylvania":{
			"margin":0.00751071615,
			"round_sizes_Minerva_EoR":[71093,132597],
			"second_round_sizes_factor":1.865120335,
			"stop_prob_Minerva":0.700186002,
			"stop_prob_EoR":0.7009074616
		},
		"RhodeIsland":{
			"margin":0.1662140819,
			"round_sizes_Minerva_EoR":[160,264],
			"second_round_sizes_factor":1.65,
			"stop_prob_Minerva":0.72955013,
			"stop_prob_EoR":0.7110813319
		},
		"SouthCarolina":{
			"margin":0.1492051272,
			"round_sizes_Minerva_EoR":[196,337],
			"second_round_sizes_factor":1.719387755,
			"stop_prob_Minerva":0.724979683,
			"stop_prob_EoR":0.7150544811
		},
		"SouthDakota":{
			"margin":0.3194371616,
			"round_sizes_Minerva_EoR":[45,71],
			"second_round_sizes_factor":1.577777778,
			"stop_prob_Minerva":0.7569440503,
			"stop_prob_EoR":0.7239091812
		},