{
	"second_round":{
		"Alabama":{
			"margin":0.2874828719,
			"round_sizes_Minerva_EoR":[44,98],
			"second_round_sizes_factor":2.227272727,
			"stop_prob_Minerva":0.8138705303,
			"stop_prob_EoR":0.8335339551
		},
		"Alaska":{
			"margin":0.1677130942,
			"round_sizes_Minerva_EoR":[135,293],
			"second_round_sizes_factor":2.17037037,
			"stop_prob_Minerva":0.8237194786,
			"stop_prob_EoR":0.8153542657
		},
		"Arizona":{
			"margin":0.03780046802,
			"round_sizes_Minerva_EoR":[2416,5546],
			"second_round_sizes_factor":2.295529801,
			"stop_prob_Minerva":0.8055965772,
			"stop_prob_EoR":0.800048222
		},
		"Arkansas":{
			"margin":0.2857027538,
			"round_sizes_Minerva_EoR":[44,98],
			"second_round_sizes_factor":2.227272727,
			"stop_prob_Minerva":0.8104911011,
			"stop_prob_EoR":0.8288472606
		},
		"California":{
			"margin":0.3225644109,
			"round_sizes_Minerva_EoR":[35,71],
			"second_round_sizes_factor":2.028571429,
			"stop_prob_Minerva":0.8281608444,
			"stop_prob_EoR":0.8074929774
		},
		"Colorado":{
			"margin":0.05366666745,
			"round_sizes_Minerva_EoR":[1210,2773],
			"second_round_sizes_factor":2.291735537,
			"stop_prob_Minerva":0.8056502375,
			"stop_prob_EoR":0.8030045409
		},
		"Connecticut":{
			"margin":0.1428309503,
			"round_sizes_Minerva_EoR":[176,396],
			"second_round_sizes_factor":2.25,
			"stop_prob_Minerva":0.8224944336,
			"stop_prob_EoR":0.8138253989
		},
		"Delaware":{
			"margin":0.1199724289,
			"round_sizes_Minerva_EoR":[249,547],
			"second_round_sizes_factor":2.196787149,
			"stop_prob_Minerva":0.8122086607,
			"stop_prob_EoR":0.8011297946
		},
		"DistrictOfColumbia":{
			"margin":0.9139037668,
			"round_sizes_Minerva_EoR":[3,3],
			"second_round_sizes_factor":1,
			"stop_prob_Minerva":0.8763352971,
			"stop_prob_EoR":0.8763352971
		},
		"Florida":{
			"margin":0.01237670946,
			"round_sizes_Minerva_EoR":[22109,52031],
			"second_round_sizes_factor":2.353385499,
			"stop_prob_Minerva":0.8009511158,
			"stop_prob_EoR":0.8000147532
		},
		"Georgia":{
			"margin":0.05322345199,
			"round_sizes_Minerva_EoR":[1210,2812],
			"second_round_sizes_factor":2.323966942,
			"stop_prob_Minerva":0.8013713322,
			"stop_prob_EoR":0.8005420462
		},
		"Hawaii":{
			"margin":0.348826749,
			"round_sizes_Minerva_EoR":[33,59],
			"second_round_sizes_factor":1.787878788,
			"stop_prob_Minerva":0.846968754,
			"stop_prob_EoR":0.8204062137
		},
		"Idaho":{
			"margin":0.3662035336,
			"round_sizes_Minerva_EoR":[31,60],
			"second_round_sizes_factor":1.935483871,
			"stop_prob_Minerva":0.8490967784,
			"stop_prob_EoR":0.8336534733
		},
		"Illinois":{
			"margin":0.1804010278,
			"round_sizes_Minerva_EoR":[116,239],
			"second_round_sizes_factor":2.060344828,
			"stop_prob_Minerva":0.8257955129,
			"stop_prob_EoR":0.8060676984
		},
		"Indiana":{
			"margin":0.2023461905,
			"round_sizes_Minerva_EoR":[93,196],
			"second_round_sizes_factor":2.107526882,
			"stop_prob_Minerva":0.8250008219,
			"stop_prob_EoR":0.8222758954
		},
		"Iowa":{
			"margin":0.1012709569,
			"round_sizes_Minerva_EoR":[352,784],
			"second_round_sizes_factor":2.227272727,
			"stop_prob_Minerva":0.8138635515,
			"stop_prob_EoR":0.8095028888
		},
		"Kansas":{
			"margin":0.2222294069,
			"round_sizes_Minerva_EoR":[74,157],
			"second_round_sizes_factor":2.121621622,
			"stop_prob_Minerva":0.8131074409,
			"stop_prob_EoR":0.8139635262
		},
		"Kentucky":{
			"margin":0.3134125804,
			"round_sizes_Minerva_EoR":[35,83],
			"second_round_sizes_factor":2.371428571,
			"stop_prob_Minerva":0.8128691942,
			"stop_prob_EoR":0.8232954487
		},
		"Louisiana":{
			"margin":0.2034335448,
			"round_sizes_Minerva_EoR":[93,194],
			"second_round_sizes_factor":2.086021505,
			"stop_prob_Minerva":0.8277711154,
			"stop_prob_EoR":0.8198811766
		},
		"Maine":{
			"margin":0.03193582258,
			"round_sizes_Minerva_EoR":[3359,7812],
			"second_round_sizes_factor":2.32569217,
			"stop_prob_Minerva":0.8025140799,
			"stop_prob_EoR":0.8004316996
		},
		"Maryland":{
			"margin":0.2803249937,
			"round_sizes_Minerva_EoR":[44,98],
			"second_round_sizes_factor":2.227272727,
			"stop_prob_Minerva":0.8000712414,
			"stop_prob_EoR":0.8142053595
		},
		"Massachusetts":{
			"margin":0.2930255738,
			"round_sizes_Minerva_EoR":[44,94],
			"second_round_sizes_factor":2.136363636,
			"stop_prob_Minerva":0.8241682011,
			"stop_prob_EoR":0.8220862767
		},
		"Minnesota":{
			"margin":0.01663713867,
			"round_sizes_Minerva_EoR":[12352,28750],
			"second_round_sizes_factor":2.32755829,
			"stop_prob_Minerva":0.8024568892,
			"stop_prob_EoR":0.8010471686
		},
		"Mississippi":{
			"margin":0.1817969465,
			"round_sizes_Minerva_EoR":[108,235],
			"second_round_sizes_factor":2.175925926,
			"stop_prob_Minerva":0.8013459113,
			"stop_prob_EoR":0.8009612875
		},
		"Missouri":{
			"margin":0.1963712199,
			"round_sizes_Minerva_EoR":[93,205],
			"second_round_sizes_factor":2.204301075,
			"stop_prob_Minerva":0.8092948152,
			"stop_prob_EoR":0.8089539786
		},
		"Montana":{
			"margin":0.2221932863,
			"round_sizes_Minerva_EoR":[74,157],
			"second_round_sizes_factor":2.121621622,
			"stop_prob_Minerva":0.8130209334,
			"stop_prob_EoR":0.8138383418
		},
		"Nebraska":{
			"margin":0.2709534823,
			"round_sizes_Minerva_EoR":[50,109],
			"second_round_sizes_factor":2.18,
			"stop_prob_Minerva":0.832245285,
			"stop_prob_EoR":0.8288437826
		},
		"Nevada":{
			"margin":0.0258741884,
			"round_sizes_Minerva_EoR":[5078,11933],
			"second_round_sizes_factor":2.349940922,
			"stop_prob_Minerva":0.8017143794,
			"stop_prob_EoR":0.8021782359
		},
		"NewJersey":{
			"margin":0.1456838029,
			"round_sizes_Minerva_EoR":[166,371],
			"second_round_sizes_factor":2.234939759,
			"stop_prob_Minerva":0.8100718085,
			"stop_prob_EoR":0.8003532362
		},
		"NewMexico":{
			"margin":0.09301589869,
			"round_sizes_Minerva_EoR":[405,927],
			"second_round_sizes_factor":2.288888889,
			"stop_prob_Minerva":0.8111739236,
			"stop_prob_EoR":0.8065781968
		},
		"NewYork":{
			"margin":0.2354488237,
			"round_sizes_Minerva_EoR":[67,137],
			"second_round_sizes_factor":2.044776119,
			"stop_prob_Minerva":0.8359329479,
			"stop_prob_EoR":0.8167001965
		},
		"NorthCarolina":{
			"margin":0.03807491607,
			"round_sizes_Minerva_EoR":[2382,5526],
			"second_round_sizes_factor":2.319899244,
			"stop_prob_Minerva":0.8037177814,
			"stop_prob_EoR":0.803325713
		},
		"NorthDakota":{
			"margin":0.3961848579,
			"round_sizes_Minerva_EoR":[22,46],
			"second_round_sizes_factor":2.090909091,
			"stop_prob_Minerva":0.8080722332,
			"stop_prob_EoR":0.8010004466
		},
		"Ohio":{
			"margin":0.08535369154,
			"round_sizes_Minerva_EoR":[483,1113],
			"second_round_sizes_factor":2.304347826,
			"stop_prob_Minerva":0.8101026522,
			"stop_prob_EoR":0.8085579419
		},
		"Oklahoma":{
			"margin":0.3860947448,
			"round_sizes_Minerva_EoR":[26,50],
			"second_round_sizes_factor":1.923076923,
			"stop_prob_Minerva":0.8574594008,
			"stop_prob_EoR":0.8335529332
		},
		"Oregon":{
			"margin":0.1231167789,
			"round_sizes_Minerva_EoR":[230,537],
			"second_round_sizes_factor":2.334782609,
			"stop_prob_Minerva":0.8120160459,
			"stop_prob_EoR":0.8092172681
		},
		"Pennsylvania":{
			"margin":0.00751071615,
			"round_sizes_Minerva_EoR":[60087,141406],
			"second_round_sizes_factor":2.353354303,
			"stop_prob_Minerva":0.8011392558,
			"stop_prob_EoR":0.8004365737
		},
		"RhodeIsland":{
			"margin":0.1662140819,
			"round_sizes_Minerva_EoR":[137,288],
			"second_round_sizes_factor":2.102189781,
			"stop_prob_Minerva":0.8248001387,
			"stop_prob_EoR":0.8130569796
		},
		"SouthCarolina":{
			"margin":0.1492051272,
			"round_sizes_Minerva_EoR":[166,356],
			"second_round_sizes_factor":2.144578313,
			"stop_prob_Minerva":0.8223197438,
			"stop_prob_EoR":0.806344142
		},
		"SouthDakota":{
			"margin":0.3194371616,
			"round_sizes_Minerva_EoR":[35,76],
			"second_round_sizes_factor":2.171428571,
			"stop_prob_Minerva":0.8230199159,
			"stop_prob_EoR":0.8115855505
		},