{
	"second_round":{
		"Alabama":{
			"margin":0.2874828719,
			"round_sizes_Minerva_EoR":[88,166],
			"second_round_sizes_factor":1.886363636,
			"stop_prob_Minerva":0.9132533485,
			"stop_prob_EoR":0.9113983611
		},
		"Alaska":{
			"margin":0.1677130942,
			"round_sizes_Minerva_EoR":[259,518],
			"second_round_sizes_factor":2,
			"stop_prob_Minerva":0.9112847412,
			"stop_prob_EoR":0.9082034485
		},
		"Arizona":{
			"margin":0.03780046802,
			"round_sizes_Minerva_EoR":[4877,9980],
			"second_round_sizes_factor":2.046339963,
			"stop_prob_Minerva":0.9022732528,
			"stop_prob_EoR":0.9005364363
		},
		"Arkansas":{
			"margin":0.2857027538,
			"round_sizes_Minerva_EoR":[88,176],
			"second_round_sizes_factor":2,
			"stop_prob_Minerva":0.9104229516,
			"stop_prob_EoR":0.9121153571
		},
		"California":{
			"margin":0.3225644109,
			"round_sizes_Minerva_EoR":[66,138],
			"second_round_sizes_factor":2.090909091,
			"stop_prob_Minerva":0.9080805851,
			"stop_prob_EoR":0.9173199631
		},
		"Colorado":{
			"margin":0.05366666745,
			"round_sizes_Minerva_EoR":[2421,5000],
			"second_round_sizes_factor":2.065262288,
			"stop_prob_Minerva":0.9033514198,
			"stop_prob_EoR":0.9020561426
		},
		"Connecticut":{
			"margin":0.1428309503,
			"round_sizes_Minerva_EoR":[357,703],
			"second_round_sizes_factor":1.969187675,
			"stop_prob_Minerva":0.9089988697,
			"stop_prob_EoR":0.9049133921
		},
		"Delaware":{
			"margin":0.1199724289,
			"round_sizes_Minerva_EoR":[493,976],
			"second_round_sizes_factor":1.979716024,
			"stop_prob_Minerva":0.906759301,
			"stop_prob_EoR":0.9018041388
		},
		"DistrictOfColumbia":{
			"margin":0.9139037668,
			"round_sizes_Minerva_EoR":[7,9],
			"second_round_sizes_factor":1.285714286,
			"stop_prob_Minerva":0.9663198602,
			"stop_prob_EoR":0.9454628061
		},
		"Florida":{
			"margin":0.01237670946,
			"round_sizes_Minerva_EoR":[45000,93437],
			"second_round_sizes_factor":2.076377778,
			"stop_prob_Minerva":0.9000928625,
			"stop_prob_EoR":0.9004198337
		},
		"Georgia":{
			"margin":0.05322345199,
			"round_sizes_Minerva_EoR":[2460,5048],
			"second_round_sizes_factor":2.05203252,
			"stop_prob_Minerva":0.9015731471,
			"stop_prob_EoR":0.9018106345
		},
		"Hawaii":{
			"margin":0.348826749,
			"round_sizes_Minerva_EoR":[62,118],
			"second_round_sizes_factor":1.903225806,
			"stop_prob_Minerva":0.9231216113,
			"stop_prob_EoR":0.9164934664
		},
		"Idaho":{
			"margin":0.3662035336,
			"round_sizes_Minerva_EoR":[55,104],
			"second_round_sizes_factor":1.890909091,
			"stop_prob_Minerva":0.9268961539,
			"stop_prob_EoR":0.9144998147
		},
		"Illinois":{
			"margin":0.1804010278,
			"round_sizes_Minerva_EoR":[215,430],
			"second_round_sizes_factor":2,
			"stop_prob_Minerva":0.9032144347,
			"stop_prob_EoR":0.9033646256
		},
		"Indiana":{
			"margin":0.2023461905,
			"round_sizes_Minerva_EoR":[177,347],
			"second_round_sizes_factor":1.960451977,
			"stop_prob_Minerva":0.9136416608,
			"stop_prob_EoR":0.9073844065
		},
		"Iowa":{
			"margin":0.1012709569,
			"round_sizes_Minerva_EoR":[693,1396],
			"second_round_sizes_factor":2.014430014,
			"stop_prob_Minerva":0.9039410863,
			"stop_prob_EoR":0.9033408037
		},
		"Kansas":{
			"margin":0.2222294069,
			"round_sizes_Minerva_EoR":[150,294],
			"second_round_sizes_factor":1.96,
			"stop_prob_Minerva":0.9136081749,
			"stop_prob_EoR":0.9087234027
		},
		"Kentucky":{
			"margin":0.3134125804,
			"round_sizes_Minerva_EoR":[75,137],
			"second_round_sizes_factor":1.826666667,
			"stop_prob_Minerva":0.9175949148,
			"stop_prob_EoR":0.9094443075
		},
		"Louisiana":{
			"margin":0.2034335448,
			"round_sizes_Minerva_EoR":[171,352],
			"second_round_sizes_factor":2.058479532,
			"stop_prob_Minerva":0.9045481726,
			"stop_prob_EoR":0.9093935974
		},
		"Maine":{
			"margin":0.03193582258,
			"round_sizes_Minerva_EoR":[6796,13984],
			"second_round_sizes_factor":2.057680989,
			"stop_prob_Minerva":0.9009239214,
			"stop_prob_EoR":0.9001677019
		},
		"Maryland":{
			"margin":0.2803249937,
			"round_sizes_Minerva_EoR":[88,178],
			"second_round_sizes_factor":2.022727273,
			"stop_prob_Minerva":0.9014703603,
			"stop_prob_EoR":0.9056951256
		},
		"Massachusetts":{
			"margin":0.2930255738,
			"round_sizes_Minerva_EoR":[79,157],
			"second_round_sizes_factor":1.987341772,
			"stop_prob_Minerva":0.9040724333,
			"stop_prob_EoR":0.9083066677
		},
		"Minnesota":{
			"margin":0.01663713867,
			"round_sizes_Minerva_EoR":[24921,51718],
			"second_round_sizes_factor":2.075277878,
			"stop_prob_Minerva":0.9003645346,
			"stop_prob_EoR":0.9000242229
		},
		"Mississippi":{
			"margin":0.1817969465,
			"round_sizes_Minerva_EoR":[215,430],
			"second_round_sizes_factor":2,
			"stop_prob_Minerva":0.906753319,
			"stop_prob_EoR":0.9083263468
		},
		"Missouri":{
			"margin":0.1963712199,
			"round_sizes_Minerva_EoR":[186,371],
			"second_round_sizes_factor":1.994623656,
			"stop_prob_Minerva":0.9044798498,
			"stop_prob_EoR":0.9055245466
		},
		"Montana":{
			"margin":0.2221932863,
			"round_sizes_Minerva_EoR":[150,294],
			"second_round_sizes_factor":1.96,
			"stop_prob_Minerva":0.9135360345,
			"stop_prob_EoR":0.9086184684
		},
		"Nebraska":{
			"margin":0.2709534823,
			"round_sizes_Minerva_EoR":[101,196],
			"second_round_sizes_factor":1.940594059,
			"stop_prob_Minerva":0.9153694668,
			"stop_prob_EoR":0.9096907098
		},
		"Nevada":{
			"margin":0.0258741884,
			"round_sizes_Minerva_EoR":[10370,21250],
			"second_round_sizes_factor":2.049180328,
			"stop_prob_Minerva":0.9014567061,
			"stop_prob_EoR":0.900081065
		},
		"NewJersey":{
			"margin":0.1456838029,
			"round_sizes_Minerva_EoR":[332,671],
			"second_round_sizes_factor":2.021084337,
			"stop_prob_Minerva":0.9022837776,
			"stop_prob_EoR":0.9058870837
		},
		"NewMexico":{
			"margin":0.09301589869,
			"round_sizes_Minerva_EoR":[820,1654],
			"second_round_sizes_factor":2.017073171,
			"stop_prob_Minerva":0.9043300871,
			"stop_prob_EoR":0.9039904029
		},
		"NewYork":{
			"margin":0.2354488237,
			"round_sizes_Minerva_EoR":[133,254],
			"second_round_sizes_factor":1.909774436,
			"stop_prob_Minerva":0.9132793286,
			"stop_prob_EoR":0.90979638
		},
		"NorthCarolina":{
			"margin":0.03807491607,
			"round_sizes_Minerva_EoR":[4784,9884],
			"second_round_sizes_factor":2.066053512,
			"stop_prob_Minerva":0.9014318895,
			"stop_prob_EoR":0.9000136129
		},
		"NorthDakota":{
			"margin":0.3961848579,
			"round_sizes_Minerva_EoR":[49,88],
			"second_round_sizes_factor":1.795918367,
			"stop_prob_Minerva":0.9258906746,
			"stop_prob_EoR":0.9140072473
		},
		"Ohio":{
			"margin":0.08535369154,
			"round_sizes_Minerva_EoR":[969,1953],
			"second_round_sizes_factor":2.015479876,
			"stop_prob_Minerva":0.9052284472,
			"stop_prob_EoR":0.9009931123
		},
		"Oklahoma":{
			"margin":0.3860947448,
			"round_sizes_Minerva_EoR":[49,90],
			"second_round_sizes_factor":1.836734694,
			"stop_prob_Minerva":0.9141535976,
			"stop_prob_EoR":0.9086589068
		},
		"Oregon":{
			"margin":0.1231167789,
			"round_sizes_Minerva_EoR":[464,937],
			"second_round_sizes_factor":2.019396552,
			"stop_prob_Minerva":0.9056639229,
			"stop_prob_EoR":0.9023181793
		},
		"Pennsylvania":{
			"margin":0.00751071615,
			"round_sizes_Minerva_EoR":[122265,253437],
			"second_round_sizes_factor":2.072849957,
			"stop_prob_Minerva":0.9000985055,
			"stop_prob_EoR":0.9001200988
		},
		"RhodeIsland":{
			"margin":0.1662140819,
			"round_sizes_Minerva_EoR":[259,515],
			"second_round_sizes_factor":1.988416988,
			"stop_prob_Minerva":0.9072678571,
			"stop_prob_EoR":0.9067611183
		},
		"SouthCarolina":{
			"margin":0.1492051272,
			"round_sizes_Minerva_EoR":[313,644],
			"second_round_sizes_factor":2.057507987,
			"stop_prob_Minerva":0.9025110442,
			"stop_prob_EoR":0.9061294449
		},
		"SouthDakota":{
			"margin":0.3194371616,
			"round_sizes_Minerva_EoR":[71,143],
			"second_round_sizes_factor":2.014084507,
			"stop_prob_Minerva":0.9080637746,
			"stop_prob_EoR":0.9156216129
		},