{
	"second_round":{
		"Alabama":{
			"margin":0.2874828719,
			"round_sizes_Minerva_EoR":[69,115],
			"second_round_sizes_factor":1.666666667,
			"stop_prob_Minerva":0.8378105573,
			"stop_prob_EoR":0.8116943278
		},
		"Alaska":{
			"margin":0.1677130942,
			"round_sizes_Minerva_EoR":[186,352],
			"second_round_sizes_factor":1.892473118,
			"stop_prob_Minerva":0.8179781568,
			"stop_prob_EoR":0.8072090602
		},
		"Arizona":{
			"margin":0.03780046802,
			"round_sizes_Minerva_EoR":[3573,6875],
			"second_round_sizes_factor":1.924153373,
			"stop_prob_Minerva":0.803693886,
			"stop_prob_EoR":0.8004994982
		},
		"Arkansas":{
			"margin":0.2857027538,
			"round_sizes_Minerva_EoR":[69,127],
			"second_round_sizes_factor":1.84057971,
			"stop_prob_Minerva":0.8339380363,
			"stop_prob_EoR":0.8297403057
		},
		"California":{
			"margin":0.3225644109,
			"round_sizes_Minerva_EoR":[49,90],
			"second_round_sizes_factor":1.836734694,
			"stop_prob_Minerva":0.8105476634,
			"stop_prob_EoR":0.8150638542
		},
		"Colorado":{
			"margin":0.05366666745,
			"round_sizes_Minerva_EoR":[1801,3476],
			"second_round_sizes_factor":1.930038867,
			"stop_prob_Minerva":0.8064911039,
			"stop_prob_EoR":0.8000082877
		},
		"Connecticut":{
			"margin":0.1428309503,
			"round_sizes_Minerva_EoR":[254,483],
			"second_round_sizes_factor":1.901574803,
			"stop_prob_Minerva":0.800285464,
			"stop_prob_EoR":0.8087758739
		},
		"Delaware":{
			"margin":0.1199724289,
			"round_sizes_Minerva_EoR":[366,683],
			"second_round_sizes_factor":1.866120219,
			"stop_prob_Minerva":0.8134617072,
			"stop_prob_EoR":0.8012446628
		},
		"DistrictOfColumbia":{
			"margin":0.9139037668,
			"round_sizes_Minerva_EoR":[4,4],
			"second_round_sizes_factor":1,
			"stop_prob_Minerva":0.838610713,
			"stop_prob_EoR":0.838610713
		},
		"Florida":{
			"margin":0.01237670946,
			"round_sizes_Minerva_EoR":[33125,64687],
			"second_round_sizes_factor":1.952815094,
			"stop_prob_Minerva":0.8012497319,
			"stop_prob_EoR":0.8006321608
		},
		"Georgia":{
			"margin":0.05322345199,
			"round_sizes_Minerva_EoR":[1815,3476],
			"second_round_sizes_factor":1.915151515,
			"stop_prob_Minerva":0.805223718,
			"stop_prob_EoR":0.8021787365
		},
		"Hawaii":{
			"margin":0.348826749,
			"round_sizes_Minerva_EoR":[47,79],
			"second_round_sizes_factor":1.680851064,
			"stop_prob_Minerva":0.8403623353,
			"stop_prob_EoR":0.8185290065
		},
		"Idaho":{
			"margin":0.3662035336,
			"round_sizes_Minerva_EoR":[40,69],
			"second_round_sizes_factor":1.725,
			"stop_prob_Minerva":0.8319186039,
			"stop_prob_EoR":0.8269811147
		},
		"Illinois":{
			"margin":0.1804010278,
			"round_sizes_Minerva_EoR":[161,314],
			"second_round_sizes_factor":1.950310559,
			"stop_prob_Minerva":0.8121708375,
			"stop_prob_EoR":0.8154913424
		},
		"Indiana":{
			"margin":0.2023461905,
			"round_sizes_Minerva_EoR":[127,247],
			"second_round_sizes_factor":1.94488189,
			"stop_prob_Minerva":0.8105796411,
			"stop_prob_EoR":0.818330022
		},
		"Iowa":{
			"margin":0.1012709569,
			"round_sizes_Minerva_EoR":[513,979],
			"second_round_sizes_factor":1.908382066,
			"stop_prob_Minerva":0.8121237572,
			"stop_prob_EoR":0.8084669741
		},
		"Kansas":{
			"margin":0.2222294069,
			"round_sizes_Minerva_EoR":[108,206],
			"second_round_sizes_factor":1.907407407,
			"stop_prob_Minerva":0.8132052263,
			"stop_prob_EoR":0.8196571157
		},
		"Kentucky":{
			"margin":0.3134125804,
			"round_sizes_Minerva_EoR":[54,99],
			"second_round_sizes_factor":1.833333333,
			"stop_prob_Minerva":0.8031697955,
			"stop_prob_EoR":0.8305976774
		},
		"Louisiana":{
			"margin":0.2034335448,
			"round_sizes_Minerva_EoR":[127,245],
			"second_round_sizes_factor":1.929133858,
			"stop_prob_Minerva":0.8139736387,
			"stop_prob_EoR":0.8169891984
		},
		"Maine":{
			"margin":0.03193582258,
			"round_sizes_Minerva_EoR":[5019,9687],
			"second_round_sizes_factor":1.93006575,
			"stop_prob_Minerva":0.802734115,
			"stop_prob_EoR":0.8016263
		},
		"Maryland":{
			"margin":0.2803249937,
			"round_sizes_Minerva_EoR":[69,122],
			"second_round_sizes_factor":1.768115942,
			"stop_prob_Minerva":0.8218987919,
			"stop_prob_EoR":0.8077940879
		},
		"Massachusetts":{
			"margin":0.2930255738,
			"round_sizes_Minerva_EoR":[62,118],
			"second_round_sizes_factor":1.903225806,
			"stop_prob_Minerva":0.8298050185,
			"stop_prob_EoR":0.8221344116
		},
		"Minnesota":{
			"margin":0.01663713867,
			"round_sizes_Minerva_EoR":[18281,35781],
			"second_round_sizes_factor":1.957278048,
			"stop_prob_Minerva":0.800760048,
			"stop_prob_EoR":0.8001732166
		},
		"Mississippi":{
			"margin":0.1817969465,
			"round_sizes_Minerva_EoR":[157,303],
			"second_round_sizes_factor":1.929936306,
			"stop_prob_Minerva":0.8042309074,
			"stop_prob_EoR":0.8111158414
		},
		"Missouri":{
			"margin":0.1963712199,
			"round_sizes_Minerva_EoR":[142,262],
			"second_round_sizes_factor":1.845070423,
			"stop_prob_Minerva":0.8244017677,
			"stop_prob_EoR":0.8188735083
		},
		"Montana":{
			"margin":0.2221932863,
			"round_sizes_Minerva_EoR":[108,206],
			"second_round_sizes_factor":1.907407407,
			"stop_prob_Minerva":0.8131009713,
			"stop_prob_EoR":0.8195165908
		},
		"Nebraska":{
			"margin":0.2709534823,
			"round_sizes_Minerva_EoR":[71,138],
			"second_round_sizes_factor":1.943661972,
			"stop_prob_Minerva":0.8144810767,
			"stop_prob_EoR":0.8212655008
		},
		"Nevada":{
			"margin":0.0258741884,
			"round_sizes_Minerva_EoR":[7626,14862],
			"second_round_sizes_factor":1.948859166,
			"stop_prob_Minerva":0.802705477,
			"stop_prob_EoR":0.8022365887
		},
		"NewJersey":{
			"margin":0.1456838029,
			"round_sizes_Minerva_EoR":[254,464],
			"second_round_sizes_factor":1.826771654,
			"stop_prob_Minerva":0.8129297721,
			"stop_prob_EoR":0.8087172157
		},
		"NewMexico":{
			"margin":0.09301589869,
			"round_sizes_Minerva_EoR":[610,1132],
			"second_round_sizes_factor":1.855737705,
			"stop_prob_Minerva":0.8117323589,
			"stop_prob_EoR":0.800905987
		},
		"NewYork":{
			"margin":0.2354488237,
			"round_sizes_Minerva_EoR":[99,182],
			"second_round_sizes_factor":1.838383838,
			"stop_prob_Minerva":0.8323076403,
			"stop_prob_EoR":0.8172613962
		},
		"NorthCarolina":{
			"margin":0.03807491607,
			"round_sizes_Minerva_EoR":[3549,6796],
			"second_round_sizes_factor":1.914905607,
			"stop_prob_Minerva":0.8048036926,
			"stop_prob_EoR":0.801455911
		},
		"NorthDakota":{
			"margin":0.3961848579,
			"round_sizes_Minerva_EoR":[38,60],
			"second_round_sizes_factor":1.578947368,
			"stop_prob_Minerva":0.8571853386,
			"stop_prob_EoR":0.8299879225
		},
		"Ohio":{
			"margin":0.08535369154,
			"round_sizes_Minerva_EoR":[717,1372],
			"second_round_sizes_factor":1.913528591,
			"stop_prob_Minerva":0.8077889509,
			"stop_prob_EoR":0.8078800102
		},
		"Oklahoma":{
			"margin":0.3860947448,
			"round_sizes_Minerva_EoR":[38,65],
			"second_round_sizes_factor":1.710526316,
			"stop_prob_Minerva":0.8409248588,
			"stop_prob_EoR":0.8304624639
		},
		"Oregon":{
			"margin":0.1231167789,
			"round_sizes_Minerva_EoR":[352,649],
			"second_round_sizes_factor":1.84375,
			"stop_prob_Minerva":0.8100039276,
			"stop_prob_EoR":0.8069551645
		},
		"Pennsylvania":{
			"margin":0.00751071615,
			"round_sizes_Minerva_EoR":[89765,175625],
			"second_round_sizes_factor":1.956497521,
			"stop_prob_Minerva":0.8000473633,
			"stop_prob_EoR":0.800251486
		},
		"RhodeIsland":{
			"margin":0.1662140819,
			"round_sizes_Minerva_EoR":[197,356],
			"second_round_sizes_factor":1.807106599,
			"stop_prob_Minerva":0.8215695204,
			"stop_prob_EoR":0.8078235373
		},
		"SouthCarolina":{
			"margin":0.1492051272,
			"round_sizes_Minerva_EoR":[235,439],
			"second_round_sizes_factor":1.868085106,
			"stop_prob_Minerva":0.8058138593,
			"stop_prob_EoR":0.8010512985
		},
		"SouthDakota":{
			"margin":0.3194371616,
			"round_sizes_Minerva_EoR":[49,90],
			"second_round_sizes_factor":1.836734694,
			"stop_prob_Minerva":0.8041079624,
			"stop_prob_EoR":0.8064782325
		},