{
	"second_round":{
		"Alabama":{
			"margin":0.2874828719,
			"round_sizes_Minerva_EoR":[43,70],
			"second_round_sizes_factor":1.627906977,
			"stop_prob_Minerva":0.6512167179,
			"stop_prob_EoR":0.6552782319
		},
		"Alaska":{
			"margin":0.1677130942,
			"round_sizes_Minerva_EoR":[118,205],
			"second_round_sizes_factor":1.737288136,
			"stop_prob_Minerva":0.6045920488,
			"stop_prob_EoR":0.6231868123
		},
		"Arizona":{
			"margin":0.03780046802,
			"round_sizes_Minerva_EoR":[2334,4062],
			"second_round_sizes_factor":1.740359897,
			"stop_prob_Minerva":0.6080342865,
			"stop_prob_EoR":0.6025559081
		},
		"Arkansas":{
			"margin":0.2857027538,
			"round_sizes_Minerva_EoR":[43,70],
			"second_round_sizes_factor":1.627906977,
			"stop_prob_Minerva":0.6466465363,
			"stop_prob_EoR":0.6494875828
		},
		"California":{
			"margin":0.3225644109,
			"round_sizes_Minerva_EoR":[36,59],
			"second_round_sizes_factor":1.638888889,
			"stop_prob_Minerva":0.682321752,
			"stop_prob_EoR":0.6659364
		},
		"Colorado":{
			"margin":0.05366666745,
			"round_sizes_Minerva_EoR":[1166,2038],
			"second_round_sizes_factor":1.747855918,
			"stop_prob_Minerva":0.610754785,
			"stop_prob_EoR":0.6082735028
		},
		"Connecticut":{
			"margin":0.1428309503,
			"round_sizes_Minerva_EoR":[176,274],
			"second_round_sizes_factor":1.556818182,
			"stop_prob_Minerva":0.6248714209,
			"stop_prob_EoR":0.6006714853
		},
		"Delaware":{
			"margin":0.1199724289,
			"round_sizes_Minerva_EoR":[235,408],
			"second_round_sizes_factor":1.736170213,
			"stop_prob_Minerva":0.6094501969,
			"stop_prob_EoR":0.6173065358
		},
		"DistrictOfColumbia":{
			"margin":0.9139037668,
			"round_sizes_Minerva_EoR":[4,4],
			"second_round_sizes_factor":1,
			"stop_prob_Minerva":0.838610713,
			"stop_prob_EoR":0.838610713
		},
		"Florida":{
			"margin":0.01237670946,
			"round_sizes_Minerva_EoR":[21503,38046],
			"second_round_sizes_factor":1.769334511,
			"stop_prob_Minerva":0.6026124844,
			"stop_prob_EoR":0.6009416049
		},
		"Georgia":{
			"margin":0.05322345199,
			"round_sizes_Minerva_EoR":[1195,2077],
			"second_round_sizes_factor":1.738075314,
			"stop_prob_Minerva":0.6097304361,
			"stop_prob_EoR":0.6087294462
		},
		"Hawaii":{
			"margin":0.348826749,
			"round_sizes_Minerva_EoR":[30,50],
			"second_round_sizes_factor":1.666666667,
			"stop_prob_Minerva":0.6200676813,
			"stop_prob_EoR":0.6491836911
		},
		"Idaho":{
			"margin":0.3662035336,
			"round_sizes_Minerva_EoR":[25,40],
			"second_round_sizes_factor":1.6,
			"stop_prob_Minerva":0.6073560787,
			"stop_prob_EoR":0.6174423387
		},
		"Illinois":{
			"margin":0.1804010278,
			"round_sizes_Minerva_EoR":[109,184],
			"second_round_sizes_factor":1.688073394,
			"stop_prob_Minerva":0.6411968685,
			"stop_prob_EoR":0.6248586643
		},
		"Indiana":{
			"margin":0.2023461905,
			"round_sizes_Minerva_EoR":[88,147],
			"second_round_sizes_factor":1.670454545,
			"stop_prob_Minerva":0.6224442213,
			"stop_prob_EoR":0.6256527961
		},
		"Iowa":{
			"margin":0.1012709569,
			"round_sizes_Minerva_EoR":[327,566],
			"second_round_sizes_factor":1.73088685,
			"stop_prob_Minerva":0.6125667048,
			"stop_prob_EoR":0.6057596147
		},
		"Kansas":{
			"margin":0.2222294069,
			"round_sizes_Minerva_EoR":[72,118],
			"second_round_sizes_factor":1.638888889,
			"stop_prob_Minerva":0.6443561937,
			"stop_prob_EoR":0.6219032928
		},
		"Kentucky":{
			"margin":0.3134125804,
			"round_sizes_Minerva_EoR":[37,59],
			"second_round_sizes_factor":1.594594595,
			"stop_prob_Minerva":0.6150936575,
			"stop_prob_EoR":0.6382703495
		},
		"Louisiana":{
			"margin":0.2034335448,
			"round_sizes_Minerva_EoR":[88,147],
			"second_round_sizes_factor":1.670454545,
			"stop_prob_Minerva":0.6264164275,
			"stop_prob_EoR":0.6307620914
		},
		"Maine":{
			"margin":0.03193582258,
			"round_sizes_Minerva_EoR":[3242,5722],
			"second_round_sizes_factor":1.764959901,
			"stop_prob_Minerva":0.600866517,
			"stop_prob_EoR":0.6030222942
		},
		"Maryland":{
			"margin":0.2803249937,
			"round_sizes_Minerva_EoR":[46,75],
			"second_round_sizes_factor":1.630434783,
			"stop_prob_Minerva":0.6193626647,
			"stop_prob_EoR":0.6455186003
		},
		"Massachusetts":{
			"margin":0.2930255738,
			"round_sizes_Minerva_EoR":[43,66],
			"second_round_sizes_factor":1.534883721,
			"stop_prob_Minerva":0.6653264639,
			"stop_prob_EoR":0.6226146382
		},
		"Minnesota":{
			"margin":0.01663713867,
			"round_sizes_Minerva_EoR":[11933,21054],
			"second_round_sizes_factor":1.76435096,
			"stop_prob_Minerva":0.6030551127,
			"stop_prob_EoR":0.6014048391
		},
		"Mississippi":{
			"margin":0.1817969465,
			"round_sizes_Minerva_EoR":[103,184],
			"second_round_sizes_factor":1.786407767,
			"stop_prob_Minerva":0.609682861,
			"stop_prob_EoR":0.6321580127
		},
		"Missouri":{
			"margin":0.1963712199,
			"round_sizes_Minerva_EoR":[88,158],
			"second_round_sizes_factor":1.795454545,
			"stop_prob_Minerva":0.60041825,
			"stop_prob_EoR":0.6297919471
		},
		"Montana":{
			"margin":0.2221932863,
			"round_sizes_Minerva_EoR":[72,118],
			"second_round_sizes_factor":1.638888889,
			"stop_prob_Minerva":0.6442382962,
			"stop_prob_EoR":0.6217496385
		},
		"Nebraska":{
			"margin":0.2709534823,
			"round_sizes_Minerva_EoR":[50,82],
			"second_round_sizes_factor":1.64,
			"stop_prob_Minerva":0.6499702155,
			"stop_prob_EoR":0.6472308485
		},
		"Nevada":{
			"margin":0.0258741884,
			"round_sizes_Minerva_EoR":[4981,8759],
			"second_round_sizes_factor":1.758482232,
			"stop_prob_Minerva":0.6055355484,
			"stop_prob_EoR":0.6038648359
		},
		"NewJersey":{
			"margin":0.1456838029,
			"round_sizes_Minerva_EoR":[167,274],
			"second_round_sizes_factor":1.640718563,
			"stop_prob_Minerva":0.6337624308,
			"stop_prob_EoR":0.6190130559
		},
		"NewMexico":{
			"margin":0.09301589869,
			"round_sizes_Minerva_EoR":[398,664],
			"second_round_sizes_factor":1.668341709,
			"stop_prob_Minerva":0.619606205,
			"stop_prob_EoR":0.604370089
		},
		"NewYork":{
			"margin":0.2354488237,
			"round_sizes_Minerva_EoR":[59,109],
			"second_round_sizes_factor":1.847457627,
			"stop_prob_Minerva":0.6036973824,
			"stop_prob_EoR":0.6434121016
		},
		"NorthCarolina":{
			"margin":0.03807491607,
			"round_sizes_Minerva_EoR":[2265,4042],
			"second_round_sizes_factor":1.784547461,
			"stop_prob_Minerva":0.6016446464,
			"stop_prob_EoR":0.6049478873
		},
		"NorthDakota":{
			"margin":0.3961848579,
			"round_sizes_Minerva_EoR":[20,35],
			"second_round_sizes_factor":1.75,
			"stop_prob_Minerva":0.600688955,
			"stop_prob_EoR":0.6422617605
		},
		"Ohio":{
			"margin":0.08535369154,
			"round_sizes_Minerva_EoR":[469,800],
			"second_round_sizes_factor":1.70575693,
			"stop_prob_Minerva":0.6105185291,
			"stop_prob_EoR":0.6023180691
		},
		"Oklahoma":{
			"margin":0.3860947448,
			"round_sizes_Minerva_EoR":[25,40],
			"second_round_sizes_factor":1.6,
			"stop_prob_Minerva":0.6487097242,
			"stop_prob_EoR":0.668758014
		},
		"Oregon":{
			"margin":0.1231167789,
			"round_sizes_Minerva_EoR":[233,381],
			"second_round_sizes_factor":1.635193133,
			"stop_prob_Minerva":0.6223696323,
			"stop_prob_EoR":0.6007458407
		},
		"Pennsylvania":{
			"margin":0.00751071615,
			"round_sizes_Minerva_EoR":[58203,103521],
			"second_round_sizes_factor":1.778619659,
			"stop_prob_Minerva":0.6000471673,
			"stop_prob_EoR":0.6000093767
		},
		"RhodeIsland":{
			"margin":0.1662140819,
			"round_sizes_Minerva_EoR":[127,205],
			"second_round_sizes_factor":1.614173228,
			"stop_prob_Minerva":0.6118809933,
			"stop_prob_EoR":0.6148724007
		},
		"SouthCarolina":{
			"margin":0.1492051272,
			"round_sizes_Minerva_EoR":[157,264],
			"second_round_sizes_factor":1.681528662,
			"stop_prob_Minerva":0.6102745628,
			"stop_prob_EoR":0.6087419555
		},
		"SouthDakota":{
			"margin":0.3194371616,
			"round_sizes_Minerva_EoR":[36,59],
			"second_round_sizes_factor":1.638888889,
			"stop_prob_Minerva":0.6751151096,
			"stop_prob_EoR":0.6565609143
		},
		"Tennessee":{
			"margin":0.2724868609,