{
	"second_round":{
		"Alabama":{
			"margin":0.2874828719,
			"round_sizes_Minerva_EoR":[67,145],
			"second_round_sizes_factor":2.164179104,
			"stop_prob_Minerva":0.9230612492,
			"stop_prob_EoR":0.9121105214
		},
		"Alaska":{
			"margin":0.1677130942,
			"round_sizes_Minerva_EoR":[186,430],
			"second_round_sizes_factor":2.311827957,
			"stop_prob_Minerva":0.9115519058,
			"stop_prob_EoR":0.9073505982
		},
		"Arizona":{
			"margin":0.03780046802,
			"round_sizes_Minerva_EoR":[3437,8558],
			"second_round_sizes_factor":2.489962176,
			"stop_prob_Minerva":0.9024769686,
			"stop_prob_EoR":0.9000344321
		},
		"Arkansas":{
			"margin":0.2857027538,
			"round_sizes_Minerva_EoR":[67,147],
			"second_round_sizes_factor":2.194029851,
			"stop_prob_Minerva":0.9208006458,
			"stop_prob_EoR":0.9147423755
		},
		"California":{
			"margin":0.3225644109,
			"round_sizes_Minerva_EoR":[52,119],
			"second_round_sizes_factor":2.288461538,
			"stop_prob_Minerva":0.9220147584,
			"stop_prob_EoR":0.9169351131
		},
		"Colorado":{
			"margin":0.05366666745,
			"round_sizes_Minerva_EoR":[1713,4218],
			"second_round_sizes_factor":2.46234676,
			"stop_prob_Minerva":0.9039969883,
			"stop_prob_EoR":0.900657495
		},
		"Connecticut":{
			"margin":0.1428309503,
			"round_sizes_Minerva_EoR":[254,590],
			"second_round_sizes_factor":2.322834646,
			"stop_prob_Minerva":0.9109969296,
			"stop_prob_EoR":0.9031109726
		},
		"Delaware":{
			"margin":0.1199724289,
			"round_sizes_Minerva_EoR":[359,862],
			"second_round_sizes_factor":2.401114206,
			"stop_prob_Minerva":0.9084682117,
			"stop_prob_EoR":0.9060926476
		},
		"DistrictOfColumbia":{
			"margin":0.9139037668,
			"round_sizes_Minerva_EoR":[5,8],
			"second_round_sizes_factor":1.6,
			"stop_prob_Minerva":0.98301316,
			"stop_prob_EoR":0.9563578506
		},
		"Florida":{
			"margin":0.01237670946,
			"round_sizes_Minerva_EoR":[31640,79531],
			"second_round_sizes_factor":2.513621997,
			"stop_prob_Minerva":0.9006462626,
			"stop_prob_EoR":0.900586167
		},
		"Georgia":{
			"margin":0.05322345199,
			"round_sizes_Minerva_EoR":[1761,4325],
			"second_round_sizes_factor":2.455990914,
			"stop_prob_Minerva":0.9000568883,
			"stop_prob_EoR":0.9000524623
		},
		"Hawaii":{
			"margin":0.348826749,
			"round_sizes_Minerva_EoR":[43,98],
			"second_round_sizes_factor":2.279069767,
			"stop_prob_Minerva":0.926129612,
			"stop_prob_EoR":0.9207786171
		},
		"Idaho":{
			"margin":0.3662035336,
			"round_sizes_Minerva_EoR":[37,89],
			"second_round_sizes_factor":2.405405405,
			"stop_prob_Minerva":0.9067291803,
			"stop_prob_EoR":0.9224907267
		},
		"Illinois":{
			"margin":0.1804010278,
			"round_sizes_Minerva_EoR":[157,371],
			"second_round_sizes_factor":2.363057325,
			"stop_prob_Minerva":0.9068119563,
			"stop_prob_EoR":0.9055362955
		},
		"Indiana":{
			"margin":0.2023461905,
			"round_sizes_Minerva_EoR":[130,301],
			"second_round_sizes_factor":2.315384615,
			"stop_prob_Minerva":0.914076468,
			"stop_prob_EoR":0.9107362749
		},
		"Iowa":{
			"margin":0.1012709569,
			"round_sizes_Minerva_EoR":[488,1195],
			"second_round_sizes_factor":2.448770492,
			"stop_prob_Minerva":0.9018724919,
			"stop_prob_EoR":0.9046302736
		},
		"Kansas":{
			"margin":0.2222294069,
			"round_sizes_Minerva_EoR":[109,252],
			"second_round_sizes_factor":2.311926606,
			"stop_prob_Minerva":0.9179711102,
			"stop_prob_EoR":0.9120305383
		},
		"Kentucky":{
			"margin":0.3134125804,
			"round_sizes_Minerva_EoR":[54,118],
			"second_round_sizes_factor":2.185185185,
			"stop_prob_Minerva":0.9207339865,
			"stop_prob_EoR":0.9112087213
		},
		"Louisiana":{
			"margin":0.2034335448,
			"round_sizes_Minerva_EoR":[130,283],
			"second_round_sizes_factor":2.176923077,
			"stop_prob_Minerva":0.9160631603,
			"stop_prob_EoR":0.9044079816
		},
		"Maine":{
			"margin":0.03193582258,
			"round_sizes_Minerva_EoR":[4813,11962],
			"second_round_sizes_factor":2.485352171,
			"stop_prob_Minerva":0.902103798,
			"stop_prob_EoR":0.9014641332
		},
		"Maryland":{
			"margin":0.2803249937,
			"round_sizes_Minerva_EoR":[69,147],
			"second_round_sizes_factor":2.130434783,
			"stop_prob_Minerva":0.9211476066,
			"stop_prob_EoR":0.9035049148
		},
		"Massachusetts":{
			"margin":0.2930255738,
			"round_sizes_Minerva_EoR":[65,143],
			"second_round_sizes_factor":2.2,
			"stop_prob_Minerva":0.922535861,
			"stop_prob_EoR":0.916819653
		},
		"Minnesota":{
			"margin":0.01663713867,
			"round_sizes_Minerva_EoR":[17597,43906],
			"second_round_sizes_factor":2.495084389,
			"stop_prob_Minerva":0.9010302939,
			"stop_prob_EoR":0.9008108459
		},
		"Mississippi":{
			"margin":0.1817969465,
			"round_sizes_Minerva_EoR":[157,371],
			"second_round_sizes_factor":2.363057325,
			"stop_prob_Minerva":0.9097615852,
			"stop_prob_EoR":0.9100757095
		},
		"Missouri":{
			"margin":0.1963712199,
			"round_sizes_Minerva_EoR":[132,318],
			"second_round_sizes_factor":2.409090909,
			"stop_prob_Minerva":0.9067255965,
			"stop_prob_EoR":0.9095917637
		},
		"Montana":{
			"margin":0.2221932863,
			"round_sizes_Minerva_EoR":[109,252],
			"second_round_sizes_factor":2.311926606,
			"stop_prob_Minerva":0.9179118543,
			"stop_prob_EoR":0.9119359627
		},
		"Nebraska":{
			"margin":0.2709534823,
			"round_sizes_Minerva_EoR":[69,163],
			"second_round_sizes_factor":2.362318841,
			"stop_prob_Minerva":0.908316629,
			"stop_prob_EoR":0.905020804
		},
		"Nevada":{
			"margin":0.0258741884,
			"round_sizes_Minerva_EoR":[7265,18125],
			"second_round_sizes_factor":2.494838266,
			"stop_prob_Minerva":0.9015862338,
			"stop_prob_EoR":0.9006350938
		},
		"NewJersey":{
			"margin":0.1456838029,
			"round_sizes_Minerva_EoR":[235,547],
			"second_round_sizes_factor":2.327659574,
			"stop_prob_Minerva":0.9085982624,
			"stop_prob_EoR":0.9000586652
		},
		"NewMexico":{
			"margin":0.09301589869,
			"round_sizes_Minerva_EoR":[577,1420],
			"second_round_sizes_factor":2.461005199,
			"stop_prob_Minerva":0.9071422374,
			"stop_prob_EoR":0.9045051809
		},
		"NewYork":{
			"margin":0.2354488237,
			"round_sizes_Minerva_EoR":[94,215],
			"second_round_sizes_factor":2.287234043,
			"stop_prob_Minerva":0.9173170711,
			"stop_prob_EoR":0.9037610206
		},
		"NorthCarolina":{
			"margin":0.03807491607,
			"round_sizes_Minerva_EoR":[3407,8417],
			"second_round_sizes_factor":2.470501908,
			"stop_prob_Minerva":0.9028714396,
			"stop_prob_EoR":0.9018616285
		},
		"NorthDakota":{
			"margin":0.3961848579,
			"round_sizes_Minerva_EoR":[30,71],
			"second_round_sizes_factor":2.366666667,
			"stop_prob_Minerva":0.9118031227,
			"stop_prob_EoR":0.9030582359
		},
		"Ohio":{
			"margin":0.08535369154,
			"round_sizes_Minerva_EoR":[683,1679],
			"second_round_sizes_factor":2.458272328,
			"stop_prob_Minerva":0.905988076,
			"stop_prob_EoR":0.9041065525
		},
		"Oklahoma":{
			"margin":0.3860947448,
			"round_sizes_Minerva_EoR":[35,83],
			"second_round_sizes_factor":2.371428571,
			"stop_prob_Minerva":0.9131776498,
			"stop_prob_EoR":0.9221695374
		},
		"Oregon":{
			"margin":0.1231167789,
			"round_sizes_Minerva_EoR":[332,805],
			"second_round_sizes_factor":2.424698795,
			"stop_prob_Minerva":0.9064020741,
			"stop_prob_EoR":0.906077626
		},
		"Pennsylvania":{
			"margin":0.00751071615,
			"round_sizes_Minerva_EoR":[85625,215625],
			"second_round_sizes_factor":2.518248175,
			"stop_prob_Minerva":0.9000658746,
			"stop_prob_EoR":0.9001584184
		},
		"RhodeIsland":{
			"margin":0.1662140819,
			"round_sizes_Minerva_EoR":[186,430],
			"second_round_sizes_factor":2.311827957,
			"stop_prob_Minerva":0.9081605162,
			"stop_prob_EoR":0.9019889827
		},
		"SouthCarolina":{
			"margin":0.1492051272,
			"round_sizes_Minerva_EoR":[225,548],
			"second_round_sizes_factor":2.435555556,
			"stop_prob_Minerva":0.906152553,
			"stop_prob_EoR":0.907843813
		},
		"SouthDakota":{
			"margin":0.3194371616,
			"round_sizes_Minerva_EoR":[52,121],
			"second_round_sizes_factor":2.326923077,
			"stop_prob_Minerva":0.9183984387,
			"stop_prob_EoR":0.9188052305
		},